date,item_name,median_price,steam_price_ffill7,volume,p_lag1,p_lag7,p_lag30,ret_1,ret_7,roll_mean_7,roll_std_7,roll_mean_30,roll_std_30,roll_vol_30,vol_sum_7,vol_mean_7,vol_sum_30,vol_mean_30,dow,month_num,gap_days,y_avg_7d_fwd,base_item,base_family,is_stattrak,is_souvenir
2013-08-15,AWP | Snake Camo (Battle-Scarred),10.918,10.918,3.0,,,,,,,,,,,,,,,3,8,0.0,6.251428571428571,AWP | Snake Camo (Battle-Scarred),AWP | Snake Camo (Battle-Scarred),0,0
2013-08-16,AWP | Snake Camo (Battle-Scarred),10.36,10.36,5.0,10.918,,,-0.05110826158637116,,,,,,,,,,,4,8,0.0,6.268142857142857,AWP | Snake Camo (Battle-Scarred),AWP | Snake Camo (Battle-Scarred),0,0
2013-08-17,AWP | Snake Camo (Battle-Scarred),9.228,9.228,5.0,10.36,,,-0.10926640926640929,,10.168666666666667,0.7030795750758861,,,,13.0,4.333333333333333,,,5,8,0.0,6.40957142857143,AWP | Snake Camo (Battle-Scarred),AWP | Snake Camo (Battle-Scarred),0,0
2013-08-18,AWP | Snake Camo (Battle-Scarred),9.367,9.367,6.0,9.228,,,0.015062852188990172,,9.968250000000001,0.70088600178631,,,,19.0,4.75,,,6,8,0.0,6.364857142857142,AWP | Snake Camo (Battle-Scarred),AWP | Snake Camo (Battle-Scarred),0,0
2013-08-19,AWP | Snake Camo (Battle-Scarred),7.894,7.894,7.0,9.367,,,-0.15725419024234022,,9.5534,1.0399014568698322,,,,26.0,5.2,,,0,8,0.0,6.507714285714286,AWP | Snake Camo (Battle-Scarred),AWP | Snake Camo (Battle-Scarred),0,0
2013-08-20,AWP | Snake Camo (Battle-Scarred),9.046,9.046,5.0,7.894,,,0.1459336204712438,,9.468833333333334,0.967946351245196,,,,31.0,5.166666666666667,,,1,8,0.0,6.456142857142857,AWP | Snake Camo (Battle-Scarred),AWP | Snake Camo (Battle-Scarred),0,0
2013-08-21,AWP | Snake Camo (Battle-Scarred),8.757,8.757,3.0,9.046,,,-0.03194782224187487,,9.367142857142857,0.930118337873724,,,,34.0,4.857142857142857,,,2,8,0.0,6.549857142857143,AWP | Snake Camo (Battle-Scarred),AWP | Snake Camo (Battle-Scarred),0,0
2013-08-22,AWP | Snake Camo (Battle-Scarred),8.721,8.721,11.0,8.757,10.918,,-0.004110996916752319,-0.20122733101300594,9.053285714285716,0.6947393579682988,,,,42.0,6.0,,,3,8,0.0,6.631428571428572,AWP | Snake Camo (Battle-Scarred),AWP | Snake Camo (Battle-Scarred),0,0
2013-08-23,AWP | Snake Camo (Battle-Scarred),6.428,6.428,13.0,8.721,10.36,,-0.26292856323816083,-0.37953667953667947,8.491571428571428,0.9527855188330474,,,,50.0,7.142857142857143,,,4,8,0.0,6.588142857142857,AWP | Snake Camo (Battle-Scarred),AWP | Snake Camo (Battle-Scarred),0,0
2013-08-24,AWP | Snake Camo (Battle-Scarred),6.321,6.321,16.0,6.428,9.228,,-0.016645924082140717,-0.31501950585175553,8.076285714285714,1.1536537874182573,8.704,1.4139768032043523,,61.0,8.714285714285714,74.0,7.4,5,8,0.0,6.804,AWP | Snake Camo (Battle-Scarred),AWP | Snake Camo (Battle-Scarred),0,0
2013-08-25,AWP | Snake Camo (Battle-Scarred),7.054,7.054,18.0,6.321,9.367,,0.11596266413542167,-0.24693071420945878,7.745857142857141,1.064442366227692,8.554,1.4291861638390886,0.11489204861125923,73.0,10.428571428571429,92.0,8.363636363636363,6,8,0.0,7.172857142857141,AWP | Snake Camo (Battle-Scarred),AWP | Snake Camo (Battle-Scarred),0,0
2013-08-26,AWP | Snake Camo (Battle-Scarred),5.826,5.826,12.0,7.054,7.894,,-0.1740856251772045,-0.2619711173042818,7.450428571428572,1.2526669671593662,8.326666666666666,1.5623199274014126,0.11655236378351505,78.0,11.142857142857142,104.0,8.666666666666666,0,8,0.0,7.450428571428572,AWP | Snake Camo (Battle-Scarred),AWP | Snake Camo (Battle-Scarred),0,0
2013-08-27,AWP | Snake Camo (Battle-Scarred),7.103,7.103,12.0,5.826,9.046,,0.2191898386543083,-0.214791067875304,7.172857142857144,1.070364347656766,8.23253846153846,1.5360363885605863,0.13384587267541978,85.0,12.142857142857142,116.0,8.923076923076923,1,8,0.0,7.745857142857142,AWP | Snake Camo (Battle-Scarred),AWP | Snake Camo (Battle-Scarred),0,0
2013-08-28,AWP | Snake Camo (Battle-Scarred),6.175,6.175,5.0,7.103,8.757,,-0.1306490215401943,-0.2948498344181797,6.804,0.8907123954613924,8.085571428571429,1.5721544687050912,0.1315875010387017,87.0,12.428571428571429,121.0,8.642857142857142,2,8,0.0,8.076285714285714,AWP | Snake Camo (Battle-Scarred),AWP | Snake Camo (Battle-Scarred),0,0
2013-08-29,AWP | Snake Camo (Battle-Scarred),7.21,7.21,11.0,6.175,8.721,,0.16761133603238876,-0.17325994725375526,6.588142857142857,0.49531618431965224,8.027199999999999,1.5344682553466744,0.1370187415632885,87.0,12.428571428571429,132.0,8.8,3,8,0.0,8.491571428571428,AWP | Snake Camo (Battle-Scarred),AWP | Snake Camo (Battle-Scarred),0,0
2013-08-30,AWP | Snake Camo (Battle-Scarred),6.731,6.731,7.0,7.21,6.428,,-0.06643550624133154,0.04713752333540766,6.631428571428572,0.49266240459158167,7.946187499999999,1.5185111630619479,0.13288748265102504,81.0,11.571428571428571,139.0,8.6875,4,8,0.0,9.053285714285714,AWP | Snake Camo (Battle-Scarred),AWP | Snake Camo (Battle-Scarred),0,0
2013-08-31,AWP | Snake Camo (Battle-Scarred),5.75,5.75,30.0,6.731,6.321,,-0.14574357450601694,-0.09033380794178136,6.549857142857142,0.5773074022864196,7.816999999999999,1.561174859257114,0.13206936834426303,95.0,13.571428571428571,169.0,9.941176470588236,5,8,0.0,9.367142857142856,AWP | Snake Camo (Battle-Scarred),AWP | Snake Camo (Battle-Scarred),0,0
2013-08-14,CS:GO Case Key,2.232,2.232,865.0,,,,,,,,,,,,,,,2,8,0.0,2.2958571428571433,CS:GO Case Key,CS:GO Case Key,0,0
2013-08-15,CS:GO Case Key,1.795,1.795,5127.0,2.232,,,-0.1957885304659499,,,,,,,,,,,3,8,0.0,2.294571428571429,CS:GO Case Key,CS:GO Case Key,0,0
2013-08-16,CS:GO Case Key,1.838,1.838,10107.0,1.795,,,0.02395543175487469,,1.955,0.19665367188706825,,,,16099.0,5366.333333333333,,,4,8,0.0,2.2928571428571423,CS:GO Case Key,CS:GO Case Key,0,0
2013-08-17,CS:GO Case Key,1.739,1.739,12037.0,1.838,,,-0.05386289445048964,,1.901,0.1943000257334003,,,,28136.0,7034.0,,,5,8,0.0,2.253142857142857,CS:GO Case Key,CS:GO Case Key,0,0
2013-08-18,CS:GO Case Key,1.717,1.717,12545.0,1.739,,,-0.012650948821161578,,1.8641999999999999,0.18872985985264765,,,,40681.0,8136.2,,,6,8,0.0,2.162857142857143,CS:GO Case Key,CS:GO Case Key,0,0
2013-08-19,CS:GO Case Key,1.71,1.71,11174.0,1.717,,,-0.004076878276062956,,1.8384999999999998,0.18161750099224108,,,,51855.0,8642.5,,,0,8,0.0,2.0701428571428573,CS:GO Case Key,CS:GO Case Key,0,0
2013-08-20,CS:GO Case Key,1.681,1.681,10458.0,1.71,,,-0.016959064327485285,,1.816,0.17694712688903919,,,,62313.0,8901.857142857143,,,1,8,0.0,1.9790000000000003,CS:GO Case Key,CS:GO Case Key,0,0
2013-08-21,CS:GO Case Key,1.665,1.665,9659.0,1.681,2.232,,-0.009518143961927406,-0.25403225806451624,1.7349999999999999,0.05730868794769004,,,,71107.0,10158.142857142857,,,2,8,0.0,1.8877142857142861,CS:GO Case Key,CS:GO Case Key,0,0
2013-08-22,CS:GO Case Key,1.676,1.676,15985.0,1.665,1.795,,0.006606606606606613,-0.06629526462395541,1.7180000000000002,0.05457367235476936,,,,81965.0,11709.285714285714,,,3,8,0.0,1.8030000000000004,CS:GO Case Key,CS:GO Case Key,0,0
2013-08-23,CS:GO Case Key,1.695,1.695,18147.0,1.676,1.838,,0.011336515513126644,-0.07780195865070727,1.6975714285714287,0.02407047475855103,1.7747999999999997,0.1610091922841675,,90005.0,12857.857142857143,106104.0,10610.4,4,8,0.0,1.7187142857142859,CS:GO Case Key,CS:GO Case Key,0,0
2013-08-24,CS:GO Case Key,1.669,1.669,17692.0,1.695,1.739,,-0.015339233038348055,-0.040253018976423305,1.6875714285714287,0.01873009147149614,1.765181818181818,0.15650025743912505,0.059732013524807726,95660.0,13665.714285714286,123796.0,11254.181818181818,5,8,0.0,1.6691428571428573,CS:GO Case Key,CS:GO Case Key,0,0
2013-08-25,CS:GO Case Key,1.665,1.665,17174.0,1.669,1.717,,-0.002396644697423622,-0.03028538147932447,1.680142857142857,0.01564269406307686,1.756833333333333,0.1523744474057978,0.057376737793769526,100289.0,14327.0,140970.0,11747.5,6,8,0.0,1.671714285714286,CS:GO Case Key,CS:GO Case Key,0,0
2013-08-26,CS:GO Case Key,1.651,1.651,14632.0,1.665,1.71,,-0.008408408408408397,-0.034502923976608146,1.671714285714286,0.012947302926139662,1.7486923076923075,0.149088195175971,0.055112153975491865,103747.0,14821.0,155602.0,11969.384615384615,0,8,0.0,1.6801428571428576,CS:GO Case Key,CS:GO Case Key,0,0
2013-08-27,CS:GO Case Key,1.663,1.663,13402.0,1.651,1.681,,0.00726832222895224,-0.010707911957168359,1.6691428571428573,0.01263135069611177,1.7425714285714284,0.14535017533318548,0.053564505419980694,106691.0,15241.57142857143,169004.0,12071.714285714286,1,8,0.0,1.6875714285714287,CS:GO Case Key,CS:GO Case Key,0,0
2013-08-28,CS:GO Case Key,2.012,2.012,6735.0,1.663,1.665,,0.20986169573060742,0.20840840840840835,1.7187142857142859,0.12038594398933823,1.7605333333333333,0.15567610249774658,0.07868783338415115,103767.0,14823.857142857143,175739.0,11715.933333333332,2,8,0.0,1.6975714285714287,CS:GO Case Key,CS:GO Case Key,0,0
2013-08-29,CS:GO Case Key,2.266,2.266,3278.0,2.012,1.676,,0.12624254473161023,0.35202863961813846,1.8030000000000002,0.2234208073185153,1.792125,0.19414133865563,0.08269871103258038,91060.0,13008.57142857143,179017.0,11188.5625,3,8,0.0,1.718,CS:GO Case Key,CS:GO Case Key,0,0
2013-08-30,CS:GO Case Key,2.288,2.288,3148.0,2.266,1.695,,0.009708737864077666,0.349852507374631,1.8877142857142857,0.2732720853893811,1.8212941176470587,0.22155619781203895,0.080082923532786,76061.0,10865.857142857143,182165.0,10715.588235294117,4,8,0.0,1.735,CS:GO Case Key,CS:GO Case Key,0,0
2013-08-31,CS:GO Case Key,2.308,2.308,2952.0,2.288,1.669,,0.00874125874125875,0.382863990413421,1.9789999999999999,0.29111019023239776,1.8483333333333332,0.24246465950960996,0.07769752708438706,61321.0,8760.142857142857,185117.0,10284.277777777777,5,8,0.0,1.816,CS:GO Case Key,CS:GO Case Key,0,0
2013-08-15,FAMAS | Contrast Spray (Factory New),3.764,3.764,3.0,,,,,,,,,,,,,,,3,8,0.0,1.7200000000000002,FAMAS | Contrast Spray (Factory New),FAMAS | Contrast Spray (Factory New),0,0
2013-08-16,FAMAS | Contrast Spray (Factory New),2.173,2.173,4.0,3.764,,,-0.42268862911795957,,,,,,,,,,,4,8,0.0,1.657,FAMAS | Contrast Spray (Factory New),FAMAS | Contrast Spray (Factory New),0,0
2013-08-17,FAMAS | Contrast Spray (Factory New),2.47,2.47,2.0,2.173,,,0.13667740450989418,,2.8023333333333333,0.6907263487727167,,,,9.0,3.0,,,5,8,0.0,1.6322857142857141,FAMAS | Contrast Spray (Factory New),FAMAS | Contrast Spray (Factory New),0,0
2013-08-18,FAMAS | Contrast Spray (Factory New),5.18,5.18,9.0,2.47,,,1.0971659919028336,,3.39675,1.1907227584538727,,,,18.0,4.5,,,6,8,0.0,1.6245714285714288,FAMAS | Contrast Spray (Factory New),FAMAS | Contrast Spray (Factory New),0,0
2013-08-19,FAMAS | Contrast Spray (Factory New),0.535,0.535,1.0,5.18,,,-0.8967181467181466,,2.8244,1.5635199519033967,,,,19.0,3.8,,,0,8,0.0,1.6291428571428572,FAMAS | Contrast Spray (Factory New),FAMAS | Contrast Spray (Factory New),0,0
2013-08-20,FAMAS | Contrast Spray (Factory New),0.604,0.604,1.0,0.535,,,0.12897196261682242,,2.454333333333333,1.649820865696906,,,,20.0,3.3333333333333335,,,1,8,0.0,1.5890000000000002,FAMAS | Contrast Spray (Factory New),FAMAS | Contrast Spray (Factory New),0,0
2013-08-21,FAMAS | Contrast Spray (Factory New),3.653,3.653,6.0,0.604,,,5.048013245033113,,2.6255714285714284,1.583982220061004,,,,26.0,3.7142857142857144,,,2,8,0.0,1.4631428571428573,FAMAS | Contrast Spray (Factory New),FAMAS | Contrast Spray (Factory New),0,0
2013-08-22,FAMAS | Contrast Spray (Factory New),4.748,4.748,2.0,3.653,3.764,,0.29975362715576237,0.2614240170031883,2.766142857142857,1.716864203679939,,,,25.0,3.5714285714285716,,,3,8,0.0,1.403285714285714,FAMAS | Contrast Spray (Factory New),FAMAS | Contrast Spray (Factory New),0,0
2013-08-23,FAMAS | Contrast Spray (Factory New),2.281,2.281,7.0,4.748,2.173,,-0.5195871946082561,0.04970087436723425,2.7815714285714286,1.711942827578643,,,,28.0,4.0,,,4,8,0.0,1.5730000000000002,FAMAS | Contrast Spray (Factory New),FAMAS | Contrast Spray (Factory New),0,0
2013-08-24,FAMAS | Contrast Spray (Factory New),1.376,1.376,7.0,2.281,2.47,,-0.3967558088557651,-0.44291497975708516,2.625285714285714,1.7817653937506326,2.6784,1.5401282543996133,,33.0,4.714285714285714,42.0,4.2,5,8,0.0,2.057857142857143,FAMAS | Contrast Spray (Factory New),FAMAS | Contrast Spray (Factory New),0,0
2013-08-25,FAMAS | Contrast Spray (Factory New),1.13,1.13,17.0,1.376,5.18,,-0.17877906976744184,-0.7818532818532818,2.0467142857142853,1.4923095919973666,2.5376363636363632,1.5344390312084308,1.62505037703188,41.0,5.857142857142857,59.0,5.363636363636363,6,8,0.0,2.351428571428571,FAMAS | Contrast Spray (Factory New),FAMAS | Contrast Spray (Factory New),0,0
2013-08-26,FAMAS | Contrast Spray (Factory New),1.509,1.509,10.0,1.13,0.535,,0.3353982300884957,1.820560747663551,2.1858571428571425,1.3865294215178754,2.4519166666666665,1.4963692981309422,1.5496614129263924,50.0,7.142857142857143,69.0,5.75,0,8,0.0,2.185857142857143,FAMAS | Contrast Spray (Factory New),FAMAS | Contrast Spray (Factory New),0,0
2013-08-27,FAMAS | Contrast Spray (Factory New),1.763,1.763,3.0,1.509,0.604,,0.16832339297548038,1.9188741721854305,2.3514285714285714,1.2502505871273348,2.3989230769230767,1.4493380696844633,1.485331037011682,52.0,7.428571428571429,72.0,5.538461538461538,1,8,0.0,2.0467142857142857,FAMAS | Contrast Spray (Factory New),FAMAS | Contrast Spray (Factory New),0,0
2013-08-28,FAMAS | Contrast Spray (Factory New),1.598,1.598,2.0,1.763,3.653,,-0.09359047078842875,-0.5625513276758829,2.057857142857143,1.1471805722318185,2.3417142857142856,1.4117671008132948,1.4331077863051824,48.0,6.857142857142857,74.0,5.285714285714286,2,8,0.0,2.6252857142857144,FAMAS | Contrast Spray (Factory New),FAMAS | Contrast Spray (Factory New),0,0
2013-08-29,FAMAS | Contrast Spray (Factory New),1.354,1.354,8.0,1.598,4.748,,-0.15269086357947437,-0.714827295703454,1.573,0.3433249189907427,2.2758666666666665,1.3859713737624195,1.3873245423338885,54.0,7.714285714285714,82.0,5.466666666666667,3,8,0.0,2.781571428571428,FAMAS | Contrast Spray (Factory New),FAMAS | Contrast Spray (Factory New),0,0
2013-08-30,FAMAS | Contrast Spray (Factory New),1.093,1.093,10.0,1.354,2.281,,-0.19276218611521423,-0.5208241999123192,1.4032857142857142,0.22444198377672717,2.2019374999999997,1.3721669663687979,1.3464971464298614,57.0,8.142857142857142,92.0,5.75,4,8,0.0,2.766142857142857,FAMAS | Contrast Spray (Factory New),FAMAS | Contrast Spray (Factory New),0,0
2013-08-31,FAMAS | Contrast Spray (Factory New),1.795,1.795,15.0,1.093,1.376,,0.6422689844464775,0.3045058139534884,1.463142857142857,0.2619255229866626,2.178,1.334636588562374,1.3065145428635054,65.0,9.285714285714286,107.0,6.294117647058823,5,8,0.0,2.625571428571429,FAMAS | Contrast Spray (Factory New),FAMAS | Contrast Spray (Factory New),0,0
2013-08-15,Glock-18 | Dragon Tattoo (Factory New),4.114,4.114,68.0,,,,,,,,,,,,,,,3,8,0.0,1.6927142857142858,Glock-18 | Dragon Tattoo (Factory New),Glock-18 | Dragon Tattoo (Factory New),0,0
2013-08-16,Glock-18 | Dragon Tattoo (Factory New),2.848,2.848,194.0,4.114,,,-0.30772970345162864,,,,,,,,,,,4,8,0.0,1.7307142857142856,Glock-18 | Dragon Tattoo (Factory New),Glock-18 | Dragon Tattoo (Factory New),0,0
2013-08-17,Glock-18 | Dragon Tattoo (Factory New),2.492,2.492,215.0,2.848,,,-0.125,,3.1513333333333335,0.6960504451706229,,,,477.0,159.0,,,5,8,0.0,1.7442857142857144,Glock-18 | Dragon Tattoo (Factory New),Glock-18 | Dragon Tattoo (Factory New),0,0
2013-08-18,Glock-18 | Dragon Tattoo (Factory New),2.367,2.367,277.0,2.492,,,-0.0501605136436597,,2.9552500000000004,0.691889216204444,,,,754.0,188.5,,,6,8,0.0,1.7487142857142859,Glock-18 | Dragon Tattoo (Factory New),Glock-18 | Dragon Tattoo (Factory New),0,0
2013-08-19,Glock-18 | Dragon Tattoo (Factory New),2.271,2.271,246.0,2.367,,,-0.04055766793409388,,2.8184000000000005,0.676668486040247,,,,1000.0,200.0,,,0,8,0.0,1.7404285714285714,Glock-18 | Dragon Tattoo (Factory New),Glock-18 | Dragon Tattoo (Factory New),0,0
2013-08-20,Glock-18 | Dragon Tattoo (Factory New),2.401,2.401,246.0,2.271,,,0.057243505063848454,,2.7488333333333337,0.6369964460043888,,,,1246.0,207.66666666666666,,,1,8,0.0,1.7364285714285717,Glock-18 | Dragon Tattoo (Factory New),Glock-18 | Dragon Tattoo (Factory New),0,0
2013-08-21,Glock-18 | Dragon Tattoo (Factory New),2.299,2.299,245.0,2.401,,,-0.042482299042065796,,2.6845714285714286,0.6103897717601333,,,,1491.0,213.0,,,2,8,0.0,1.754857142857143,Glock-18 | Dragon Tattoo (Factory New),Glock-18 | Dragon Tattoo (Factory New),0,0
2013-08-22,Glock-18 | Dragon Tattoo (Factory New),1.982,1.982,334.0,2.299,4.114,,-0.13788603740756844,-0.5182304326689353,2.38,0.24172711887581003,,,,1757.0,251.0,,,3,8,0.0,1.7417142857142858,Glock-18 | Dragon Tattoo (Factory New),Glock-18 | Dragon Tattoo (Factory New),0,0
2013-08-23,Glock-18 | Dragon Tattoo (Factory New),1.822,1.822,429.0,1.982,2.848,,-0.08072653884964676,-0.360252808988764,2.233428571428571,0.2239201752811907,,,,1992.0,284.57142857142856,,,4,8,0.0,1.741857142857143,Glock-18 | Dragon Tattoo (Factory New),Glock-18 | Dragon Tattoo (Factory New),0,0
2013-08-24,Glock-18 | Dragon Tattoo (Factory New),1.693,1.693,475.0,1.822,2.492,,-0.070801317233809,-0.3206260032102728,2.119285714285714,0.26321784258112363,2.4289,0.6461579450877315,,2252.0,321.7142857142857,2729.0,272.9,5,8,0.0,1.7774285714285714,Glock-18 | Dragon Tattoo (Factory New),Glock-18 | Dragon Tattoo (Factory New),0,0
2013-08-25,Glock-18 | Dragon Tattoo (Factory New),1.805,1.805,457.0,1.693,2.367,,0.06615475487300637,-0.2374313476975074,2.0389999999999997,0.26111792628728386,2.372181818181818,0.6416644291757347,0.10045361121162405,2432.0,347.42857142857144,3186.0,289.6363636363636,6,8,0.0,1.8567142857142858,Glock-18 | Dragon Tattoo (Factory New),Glock-18 | Dragon Tattoo (Factory New),0,0
2013-08-26,Glock-18 | Dragon Tattoo (Factory New),1.717,1.717,400.0,1.805,2.271,,-0.04875346260387803,-0.24394539850286212,1.9598571428571427,0.26275813352719235,2.3175833333333333,0.6404787868375416,0.09603614004902646,2586.0,369.42857142857144,3586.0,298.8333333333333,0,8,0.0,1.9598571428571427,Glock-18 | Dragon Tattoo (Factory New),Glock-18 | Dragon Tattoo (Factory New),0,0
2013-08-27,Glock-18 | Dragon Tattoo (Factory New),1.679,1.679,382.0,1.717,2.401,,-0.022131624927198668,-0.3007080383173677,1.8567142857142858,0.20462419511018187,2.2684615384615383,0.6384462648775499,0.09293322055682006,2722.0,388.85714285714283,3968.0,305.2307692307692,1,8,0.0,2.039,Glock-18 | Dragon Tattoo (Factory New),Glock-18 | Dragon Tattoo (Factory New),0,0
2013-08-28,Glock-18 | Dragon Tattoo (Factory New),1.744,1.744,392.0,1.679,2.299,,0.038713519952352504,-0.24140930839495434,1.7774285714285714,0.09723441063864631,2.231,0.6298747040937132,0.09361775923297748,2869.0,409.85714285714283,4360.0,311.42857142857144,2,8,0.0,2.119285714285714,Glock-18 | Dragon Tattoo (Factory New),Glock-18 | Dragon Tattoo (Factory New),0,0
2013-08-29,Glock-18 | Dragon Tattoo (Factory New),1.733,1.733,388.0,1.744,1.982,,-0.006307339449541205,-0.12563067608476286,1.741857142857143,0.04992688531794286,2.1978,0.6210668455703191,0.09121882776650828,2923.0,417.57142857142856,4748.0,316.53333333333336,3,8,0.0,2.2334285714285715,Glock-18 | Dragon Tattoo (Factory New),Glock-18 | Dragon Tattoo (Factory New),0,0
2013-08-30,Glock-18 | Dragon Tattoo (Factory New),1.821,1.821,478.0,1.733,1.822,,0.05077899596076163,-0.0005488474204171645,1.7417142857142858,0.049698273283353966,2.17425,0.6082230779080977,0.0919932911515386,2972.0,424.57142857142856,5226.0,326.625,4,8,0.0,2.38,Glock-18 | Dragon Tattoo (Factory New),Glock-18 | Dragon Tattoo (Factory New),0,0
2013-08-31,Glock-18 | Dragon Tattoo (Factory New),1.785,1.785,544.0,1.821,1.693,,-0.01976935749588138,0.054341405788540964,1.754857142857143,0.04717877419660108,2.1513529411764702,0.597128810734331,0.08933343201724765,3041.0,434.42857142857144,5770.0,339.4117647058824,5,8,0.0,2.684571428571428,Glock-18 | Dragon Tattoo (Factory New),Glock-18 | Dragon Tattoo (Factory New),0,0
2013-08-15,MAC-10 | Urban DDPAT (Factory New),1.803,1.803,2.0,,,,,,,,,,,,,,,3,8,0.0,1.1448571428571428,MAC-10 | Urban DDPAT (Factory New),MAC-10 | Urban DDPAT (Factory New),0,0
2013-08-16,MAC-10 | Urban DDPAT (Factory New),0.737,0.737,5.0,1.803,,,-0.591236827509706,,,,,,,,,,,4,8,0.0,1.147857142857143,MAC-10 | Urban DDPAT (Factory New),MAC-10 | Urban DDPAT (Factory New),0,0
2013-08-17,MAC-10 | Urban DDPAT (Factory New),1.492,1.492,9.0,0.737,,,1.0244233378561738,,1.344,0.44759877866976655,,,,16.0,5.333333333333333,,,5,8,0.0,1.1498571428571427,MAC-10 | Urban DDPAT (Factory New),MAC-10 | Urban DDPAT (Factory New),0,0
2013-08-18,MAC-10 | Urban DDPAT (Factory New),2.004,2.004,6.0,1.492,,,0.34316353887399464,,1.509,0.4815947466490888,,,,22.0,5.5,,,6,8,0.0,1.1481428571428574,MAC-10 | Urban DDPAT (Factory New),MAC-10 | Urban DDPAT (Factory New),0,0
2013-08-19,MAC-10 | Urban DDPAT (Factory New),1.708,1.708,4.0,2.004,,,-0.1477045908183633,,1.5488,0.43804447262806545,,,,26.0,5.2,,,0,8,0.0,1.1045714285714285,MAC-10 | Urban DDPAT (Factory New),MAC-10 | Urban DDPAT (Factory New),0,0
2013-08-20,MAC-10 | Urban DDPAT (Factory New),1.813,1.813,3.0,1.708,,,0.061475409836065475,,1.5928333333333333,0.41182173192886373,,,,29.0,4.833333333333333,,,1,8,0.0,1.0401428571428573,MAC-10 | Urban DDPAT (Factory New),MAC-10 | Urban DDPAT (Factory New),0,0
2013-08-21,MAC-10 | Urban DDPAT (Factory New),1.723,1.723,5.0,1.813,,,-0.04964147821290665,,1.6114285714285717,0.38398394949449094,,,,34.0,4.857142857142857,,,2,8,0.0,1.054142857142857,MAC-10 | Urban DDPAT (Factory New),MAC-10 | Urban DDPAT (Factory New),0,0
2013-08-22,MAC-10 | Urban DDPAT (Factory New),1.37,1.37,5.0,1.723,1.803,,-0.2048752176436448,-0.240155296727676,1.5495714285714288,0.38301617166263624,,,,37.0,5.285714285714286,,,3,8,0.0,1.0475714285714286,MAC-10 | Urban DDPAT (Factory New),MAC-10 | Urban DDPAT (Factory New),0,0
2013-08-23,MAC-10 | Urban DDPAT (Factory New),1.22,1.22,11.0,1.37,0.737,,-0.1094890510948906,0.655359565807327,1.6185714285714285,0.2512618765595865,,,,43.0,6.142857142857143,,,4,8,0.0,1.0808571428571427,MAC-10 | Urban DDPAT (Factory New),MAC-10 | Urban DDPAT (Factory New),0,0
2013-08-24,MAC-10 | Urban DDPAT (Factory New),1.123,1.123,7.0,1.22,1.492,,-0.07950819672131149,-0.24731903485254692,1.5658571428571426,0.30520411370164746,1.4993000000000003,0.3682993483567409,,41.0,5.857142857142857,57.0,5.7,5,8,0.0,1.1364285714285713,MAC-10 | Urban DDPAT (Factory New),MAC-10 | Urban DDPAT (Factory New),0,0
2013-08-25,MAC-10 | Urban DDPAT (Factory New),1.252,1.252,11.0,1.123,2.004,,0.11487088156723058,-0.375249500998004,1.4584285714285714,0.2612600549768958,1.4768181818181818,0.3582839955783726,0.4006541505766034,46.0,6.571428571428571,68.0,6.181818181818182,6,8,0.0,1.2141428571428572,MAC-10 | Urban DDPAT (Factory New),MAC-10 | Urban DDPAT (Factory New),0,0
2013-08-26,MAC-10 | Urban DDPAT (Factory New),0.83,0.83,10.0,1.252,1.708,,-0.33706070287539935,-0.5140515222482436,1.3330000000000002,0.3162973284743329,1.4229166666666666,0.3868193933291809,0.39678936730380304,52.0,7.428571428571429,78.0,6.5,0,8,0.0,1.333,MAC-10 | Urban DDPAT (Factory New),MAC-10 | Urban DDPAT (Factory New),0,0
2013-08-27,MAC-10 | Urban DDPAT (Factory New),0.981,0.981,5.0,0.83,1.813,,0.18192771084337345,-0.458907887479316,1.2141428571428572,0.26590085615906256,1.388923076923077,0.3898539098251,0.3831300401204052,54.0,7.714285714285714,83.0,6.384615384615385,1,8,0.0,1.4584285714285714,MAC-10 | Urban DDPAT (Factory New),MAC-10 | Urban DDPAT (Factory New),0,0
2013-08-28,MAC-10 | Urban DDPAT (Factory New),1.179,1.179,8.0,0.981,1.723,,0.20183486238532122,-0.3157283807312826,1.1364285714285713,0.16688135832112,1.3739285714285714,0.37954285741170907,0.3713730056808759,57.0,8.142857142857142,91.0,6.5,2,8,0.0,1.5658571428571426,MAC-10 | Urban DDPAT (Factory New),MAC-10 | Urban DDPAT (Factory New),0,0
2013-08-29,MAC-10 | Urban DDPAT (Factory New),0.981,0.981,10.0,1.179,1.37,,-0.16793893129770998,-0.2839416058394161,1.0808571428571427,0.14289399524665486,1.3477333333333334,0.379547004847738,0.36152750991111415,62.0,8.857142857142858,101.0,6.733333333333333,3,8,0.0,1.6185714285714283,MAC-10 | Urban DDPAT (Factory New),MAC-10 | Urban DDPAT (Factory New),0,0
2013-08-30,MAC-10 | Urban DDPAT (Factory New),0.987,0.987,8.0,0.981,1.22,,0.006116207951070374,-0.190983606557377,1.0475714285714286,0.1334293361862452,1.3251875,0.37772629289440524,0.34927962067973484,59.0,8.428571428571429,109.0,6.8125,4,8,0.0,1.5495714285714286,MAC-10 | Urban DDPAT (Factory New),MAC-10 | Urban DDPAT (Factory New),0,0
2013-08-31,MAC-10 | Urban DDPAT (Factory New),1.169,1.169,6.0,0.987,1.123,,0.18439716312056742,0.04096170970614432,1.054142857142857,0.13803563574198469,1.316,0.368286493339724,0.34062400572008716,58.0,8.285714285714286,115.0,6.764705882352941,5,8,0.0,1.611428571428571,MAC-10 | Urban DDPAT (Factory New),MAC-10 | Urban DDPAT (Factory New),0,0
2013-08-15,Nova | Forest Leaves (Battle-Scarred),0.61,0.61,17.0,,,,,,,,,,,,,,,3,8,0.0,0.05185714285714286,Nova | Forest Leaves (Battle-Scarred),Nova | Forest Leaves (Battle-Scarred),0,0
2013-08-16,Nova | Forest Leaves (Battle-Scarred),0.329,0.329,51.0,0.61,,,-0.46065573770491797,,,,,,,,,,,4,8,0.0,0.055428571428571424,Nova | Forest Leaves (Battle-Scarred),Nova | Forest Leaves (Battle-Scarred),0,0
2013-08-17,Nova | Forest Leaves (Battle-Scarred),0.258,0.258,65.0,0.329,,,-0.21580547112462012,,0.399,0.15198903469219963,,,,133.0,44.333333333333336,,,5,8,0.0,0.06142857142857144,Nova | Forest Leaves (Battle-Scarred),Nova | Forest Leaves (Battle-Scarred),0,0
2013-08-18,Nova | Forest Leaves (Battle-Scarred),0.208,0.208,78.0,0.258,,,-0.1937984496124031,,0.35125,0.15545316818900798,,,,211.0,52.75,,,6,8,0.0,0.06728571428571428,Nova | Forest Leaves (Battle-Scarred),Nova | Forest Leaves (Battle-Scarred),0,0
2013-08-19,Nova | Forest Leaves (Battle-Scarred),0.219,0.219,79.0,0.208,,,0.05288461538461542,,0.32480000000000003,0.14876478077824737,,,,290.0,58.0,,,0,8,0.0,0.07414285714285714,Nova | Forest Leaves (Battle-Scarred),Nova | Forest Leaves (Battle-Scarred),0,0
2013-08-20,Nova | Forest Leaves (Battle-Scarred),0.185,0.185,61.0,0.219,,,-0.1552511415525114,,0.30150000000000005,0.1454541737684645,,,,351.0,58.5,,,1,8,0.0,0.07985714285714285,Nova | Forest Leaves (Battle-Scarred),Nova | Forest Leaves (Battle-Scarred),0,0
2013-08-21,Nova | Forest Leaves (Battle-Scarred),0.17,0.17,63.0,0.185,,,-0.08108108108108103,,0.28271428571428575,0.14230923500373033,,,,414.0,59.142857142857146,,,2,8,0.0,0.08514285714285712,Nova | Forest Leaves (Battle-Scarred),Nova | Forest Leaves (Battle-Scarred),0,0
2013-08-22,Nova | Forest Leaves (Battle-Scarred),0.121,0.121,91.0,0.17,0.61,,-0.28823529411764715,-0.8016393442622951,0.21285714285714286,0.061689148319685555,,,,488.0,69.71428571428571,,,3,8,0.0,0.08499999999999998,Nova | Forest Leaves (Battle-Scarred),Nova | Forest Leaves (Battle-Scarred),0,0
2013-08-23,Nova | Forest Leaves (Battle-Scarred),0.099,0.099,89.0,0.121,0.329,,-0.18181818181818177,-0.6990881458966565,0.17999999999999997,0.051486475339230044,,,,526.0,75.14285714285714,,,4,8,0.0,0.09057142857142855,Nova | Forest Leaves (Battle-Scarred),Nova | Forest Leaves (Battle-Scarred),0,0
2013-08-24,Nova | Forest Leaves (Battle-Scarred),0.087,0.087,90.0,0.099,0.258,,-0.12121212121212133,-0.6627906976744187,0.15557142857142855,0.04919888832326293,0.22860000000000005,0.14515040475313876,,551.0,78.71428571428571,684.0,68.4,5,8,0.0,0.09542857142857142,Nova | Forest Leaves (Battle-Scarred),Nova | Forest Leaves (Battle-Scarred),0,0
2013-08-25,Nova | Forest Leaves (Battle-Scarred),0.086,0.086,101.0,0.087,0.208,,-0.011494252873563204,-0.5865384615384616,0.13814285714285715,0.04914825551744602,0.21563636363636365,0.14433941862358682,0.1365214239509386,574.0,82.0,785.0,71.36363636363636,6,8,0.0,0.10642857142857143,Nova | Forest Leaves (Battle-Scarred),Nova | Forest Leaves (Battle-Scarred),0,0
2013-08-26,Nova | Forest Leaves (Battle-Scarred),0.091,0.091,102.0,0.086,0.219,,0.058139534883721034,-0.5844748858447488,0.11985714285714284,0.038271319255429655,0.20525000000000004,0.1424231517930518,0.14519846072878784,597.0,85.28571428571429,887.0,73.91666666666667,0,8,0.0,0.11985714285714286,Nova | Forest Leaves (Battle-Scarred),Nova | Forest Leaves (Battle-Scarred),0,0
2013-08-27,Nova | Forest Leaves (Battle-Scarred),0.091,0.091,75.0,0.091,0.185,,0.0,-0.5081081081081081,0.10642857142857141,0.028232995604723327,0.19646153846153852,0.14018153910314096,0.14470139945944646,611.0,87.28571428571429,962.0,74.0,1,8,0.0,0.13814285714285715,Nova | Forest Leaves (Battle-Scarred),Nova | Forest Leaves (Battle-Scarred),0,0
2013-08-28,Nova | Forest Leaves (Battle-Scarred),0.093,0.093,74.0,0.091,0.17,,0.0219780219780219,-0.4529411764705883,0.09542857142857142,0.011159328485392748,0.1890714285714286,0.13768518142368652,0.14504325752695468,622.0,88.85714285714286,1036.0,74.0,2,8,0.0,0.15557142857142855,Nova | Forest Leaves (Battle-Scarred),Nova | Forest Leaves (Battle-Scarred),0,0
2013-08-29,Nova | Forest Leaves (Battle-Scarred),0.087,0.087,67.0,0.093,0.121,,-0.06451612903225812,-0.28099173553719015,0.09057142857142855,0.0042039825627320495,0.18226666666666672,0.13543139304541701,0.14052903483507406,598.0,85.42857142857143,1103.0,73.53333333333333,3,8,0.0,0.18,Nova | Forest Leaves (Battle-Scarred),Nova | Forest Leaves (Battle-Scarred),0,0
2013-08-30,Nova | Forest Leaves (Battle-Scarred),0.06,0.06,84.0,0.087,0.099,,-0.31034482758620685,-0.39393939393939403,0.08499999999999999,0.010488088481701515,0.17462500000000006,0.13442929135794773,0.14405877797832845,593.0,84.71428571428571,1187.0,74.1875,4,8,0.0,0.21285714285714286,Nova | Forest Leaves (Battle-Scarred),Nova | Forest Leaves (Battle-Scarred),0,0
2013-08-31,Nova | Forest Leaves (Battle-Scarred),0.088,0.088,72.0,0.06,0.087,,0.46666666666666656,0.011494252873563315,0.08514285714285715,0.010521115794012553,0.16952941176470593,0.1319987155227428,0.20080224720794385,575.0,82.14285714285714,1259.0,74.05882352941177,5,8,0.0,0.28271428571428575,Nova | Forest Leaves (Battle-Scarred),Nova | Forest Leaves (Battle-Scarred),0,0
2013-08-14,PP-Bizon | Forest Leaves (Field-Tested),2.226,2.226,3.0,,,,,,,,,,,,,,,2,8,0.0,0.062000000000000006,PP-Bizon | Forest Leaves (Field-Tested),PP-Bizon | Forest Leaves (Field-Tested),0,0
2013-08-15,PP-Bizon | Forest Leaves (Field-Tested),0.748,0.748,121.0,2.226,,,-0.6639712488769092,,,,,,,,,,,3,8,0.0,0.0662857142857143,PP-Bizon | Forest Leaves (Field-Tested),PP-Bizon | Forest Leaves (Field-Tested),0,0
2013-08-16,PP-Bizon | Forest Leaves (Field-Tested),0.44,0.44,232.0,0.748,,,-0.4117647058823529,,1.1380000000000001,0.7795400353199743,,,,356.0,118.66666666666667,,,4,8,0.0,0.07157142857142858,PP-Bizon | Forest Leaves (Field-Tested),PP-Bizon | Forest Leaves (Field-Tested),0,0
2013-08-17,PP-Bizon | Forest Leaves (Field-Tested),0.31,0.31,273.0,0.44,,,-0.2954545454545454,,0.931,0.7644010727360343,,,,629.0,157.25,,,5,8,0.0,0.07728571428571429,PP-Bizon | Forest Leaves (Field-Tested),PP-Bizon | Forest Leaves (Field-Tested),0,0
2013-08-18,PP-Bizon | Forest Leaves (Field-Tested),0.266,0.266,268.0,0.31,,,-0.14193548387096766,,0.798,0.7336233365971941,,,,897.0,179.4,,,6,8,0.0,0.08314285714285714,PP-Bizon | Forest Leaves (Field-Tested),PP-Bizon | Forest Leaves (Field-Tested),0,0
2013-08-19,PP-Bizon | Forest Leaves (Field-Tested),0.284,0.284,227.0,0.266,,,0.06766917293233066,,0.7123333333333334,0.6965605182290736,,,,1124.0,187.33333333333334,,,0,8,0.0,0.08971428571428572,PP-Bizon | Forest Leaves (Field-Tested),PP-Bizon | Forest Leaves (Field-Tested),0,0
2013-08-20,PP-Bizon | Forest Leaves (Field-Tested),0.21,0.21,260.0,0.284,,,-0.2605633802816901,,0.6405714285714286,0.6684170761995103,,,,1384.0,197.71428571428572,,,1,8,0.0,0.09542857142857143,PP-Bizon | Forest Leaves (Field-Tested),PP-Bizon | Forest Leaves (Field-Tested),0,0
2013-08-21,PP-Bizon | Forest Leaves (Field-Tested),0.194,0.194,245.0,0.21,2.226,,-0.07619047619047614,-0.912848158131177,0.35028571428571426,0.1786662605336028,,,,1626.0,232.28571428571428,,,2,8,0.0,0.10142857142857142,PP-Bizon | Forest Leaves (Field-Tested),PP-Bizon | Forest Leaves (Field-Tested),0,0
2013-08-22,PP-Bizon | Forest Leaves (Field-Tested),0.164,0.164,289.0,0.194,0.748,,-0.15463917525773196,-0.7807486631016043,0.26685714285714285,0.08556940135924518,,,,1794.0,256.2857142857143,,,3,8,0.0,0.10857142857142857,PP-Bizon | Forest Leaves (Field-Tested),PP-Bizon | Forest Leaves (Field-Tested),0,0
2013-08-23,PP-Bizon | Forest Leaves (Field-Tested),0.126,0.126,338.0,0.164,0.44,,-0.23170731707317072,-0.7136363636363636,0.22199999999999998,0.062142692939027716,0.4968,0.6010072878093909,,1900.0,271.42857142857144,2256.0,225.6,4,8,0.0,0.11885714285714287,PP-Bizon | Forest Leaves (Field-Tested),PP-Bizon | Forest Leaves (Field-Tested),0,0
2013-08-24,PP-Bizon | Forest Leaves (Field-Tested),0.112,0.112,333.0,0.126,0.31,,-0.11111111111111105,-0.6387096774193548,0.1937142857142857,0.06069529114640557,0.46181818181818185,0.5836178416772116,0.19141132015622103,1960.0,280.0,2589.0,235.36363636363637,5,8,0.0,0.13171428571428573,PP-Bizon | Forest Leaves (Field-Tested),PP-Bizon | Forest Leaves (Field-Tested),0,0
2013-08-25,PP-Bizon | Forest Leaves (Field-Tested),0.105,0.105,392.0,0.112,0.266,,-0.0625,-0.605263157894737,0.17071428571428574,0.05943715597338151,0.4320833333333334,0.5674076221925665,0.18860087271740253,2084.0,297.7142857142857,2981.0,248.41666666666666,6,8,0.0,0.14614285714285713,PP-Bizon | Forest Leaves (Field-Tested),PP-Bizon | Forest Leaves (Field-Tested),0,0
2013-08-26,PP-Bizon | Forest Leaves (Field-Tested),0.112,0.112,307.0,0.105,0.284,,0.06666666666666665,-0.6056338028169014,0.14614285714285716,0.03985125404525674,0.4074615384615385,0.55177958467052,0.19641157381160287,2164.0,309.14285714285717,3288.0,252.92307692307693,0,8,0.0,0.17071428571428574,PP-Bizon | Forest Leaves (Field-Tested),PP-Bizon | Forest Leaves (Field-Tested),0,0
2013-08-27,PP-Bizon | Forest Leaves (Field-Tested),0.109,0.109,329.0,0.112,0.21,,-0.0267857142857143,-0.4809523809523809,0.1317142857142857,0.03153553227580545,0.3861428571428572,0.5372353643745857,0.19363069688568488,2233.0,319.0,3617.0,258.35714285714283,1,8,0.0,0.19371428571428573,PP-Bizon | Forest Leaves (Field-Tested),PP-Bizon | Forest Leaves (Field-Tested),0,0
2013-08-28,PP-Bizon | Forest Leaves (Field-Tested),0.104,0.104,274.0,0.109,0.194,,-0.04587155963302758,-0.4639175257731959,0.11885714285714286,0.019613614596779978,0.3673333333333334,0.5237686087916644,0.1896232372326073,2262.0,323.14285714285717,3891.0,259.4,2,8,0.0,0.222,PP-Bizon | Forest Leaves (Field-Tested),PP-Bizon | Forest Leaves (Field-Tested),0,0
2013-08-29,PP-Bizon | Forest Leaves (Field-Tested),0.092,0.092,263.0,0.104,0.164,,-0.11538461538461531,-0.4390243902439025,0.10857142857142855,0.009529760045804525,0.350125,0.5114974187373774,0.1836581158585332,2236.0,319.42857142857144,4154.0,259.625,3,8,0.0,0.26685714285714285,PP-Bizon | Forest Leaves (Field-Tested),PP-Bizon | Forest Leaves (Field-Tested),0,0
2013-08-30,PP-Bizon | Forest Leaves (Field-Tested),0.076,0.076,329.0,0.092,0.126,,-0.17391304347826086,-0.39682539682539686,0.10142857142857142,0.012163847404233145,0.334,0.5003997225748044,0.1778416326630034,2227.0,318.14285714285717,4483.0,263.70588235294116,4,8,0.0,0.35028571428571426,PP-Bizon | Forest Leaves (Field-Tested),PP-Bizon | Forest Leaves (Field-Tested),0,0
2013-08-31,PP-Bizon | Forest Leaves (Field-Tested),0.07,0.07,381.0,0.076,0.112,,-0.07894736842105254,-0.375,0.09542857142857142,0.015398118093336162,0.31933333333333336,0.49004659642391823,0.17371140350238515,2275.0,325.0,4864.0,270.22222222222223,5,8,0.0,0.6405714285714286,PP-Bizon | Forest Leaves (Field-Tested),PP-Bizon | Forest Leaves (Field-Tested),0,0
2013-08-15,SG 553 | Ultraviolet (Minimal Wear),1.629,1.629,60.0,,,,,,,,,,,,,,,3,8,0.0,0.05871428571428572,SG 553 | Ultraviolet (Minimal Wear),SG 553 | Ultraviolet (Minimal Wear),0,0
2013-08-16,SG 553 | Ultraviolet (Minimal Wear),0.861,0.861,173.0,1.629,,,-0.4714548802946593,,,,,,,,,,,4,8,0.0,0.0642857142857143,SG 553 | Ultraviolet (Minimal Wear),SG 553 | Ultraviolet (Minimal Wear),0,0
2013-08-17,SG 553 | Ultraviolet (Minimal Wear),0.626,0.626,190.0,0.861,,,-0.27293844367015097,,1.0386666666666666,0.42831167260406167,,,,423.0,141.0,,,5,8,0.0,0.07114285714285715,SG 553 | Ultraviolet (Minimal Wear),SG 553 | Ultraviolet (Minimal Wear),0,0
2013-08-18,SG 553 | Ultraviolet (Minimal Wear),0.515,0.515,220.0,0.626,,,-0.1773162939297125,,0.9077500000000001,0.43474784358292107,,,,643.0,160.75,,,6,8,0.0,0.08057142857142859,SG 553 | Ultraviolet (Minimal Wear),SG 553 | Ultraviolet (Minimal Wear),0,0
2013-08-19,SG 553 | Ultraviolet (Minimal Wear),0.436,0.436,237.0,0.515,,,-0.15339805825242725,,0.8134,0.4322178154588263,,,,880.0,176.0,,,0,8,0.0,0.09171428571428572,SG 553 | Ultraviolet (Minimal Wear),SG 553 | Ultraviolet (Minimal Wear),0,0
2013-08-20,SG 553 | Ultraviolet (Minimal Wear),0.363,0.363,250.0,0.436,,,-0.1674311926605505,,0.7383333333333333,0.42877953413017383,,,,1130.0,188.33333333333334,,,1,8,0.0,0.10071428571428571,SG 553 | Ultraviolet (Minimal Wear),SG 553 | Ultraviolet (Minimal Wear),0,0
2013-08-21,SG 553 | Ultraviolet (Minimal Wear),0.353,0.353,214.0,0.363,,,-0.02754820936639124,,0.6832857142857142,0.41924786882010995,,,,1344.0,192.0,,,2,8,0.0,0.11028571428571429,SG 553 | Ultraviolet (Minimal Wear),SG 553 | Ultraviolet (Minimal Wear),0,0
2013-08-22,SG 553 | Ultraviolet (Minimal Wear),0.252,0.252,254.0,0.353,1.629,,-0.2861189801699716,-0.8453038674033149,0.48657142857142854,0.18941176396024248,,,,1538.0,219.71428571428572,,,3,8,0.0,0.11785714285714287,SG 553 | Ultraviolet (Minimal Wear),SG 553 | Ultraviolet (Minimal Wear),0,0
2013-08-23,SG 553 | Ultraviolet (Minimal Wear),0.156,0.156,316.0,0.252,0.861,,-0.38095238095238093,-0.8188153310104529,0.38585714285714284,0.14600139781271035,,,,1681.0,240.14285714285714,,,4,8,0.0,0.1285714285714286,SG 553 | Ultraviolet (Minimal Wear),SG 553 | Ultraviolet (Minimal Wear),0,0
2013-08-24,SG 553 | Ultraviolet (Minimal Wear),0.129,0.129,365.0,0.156,0.626,,-0.17307692307692302,-0.7939297124600639,0.3148571428571429,0.13214432431617937,0.5319999999999998,0.4210437031948109,,1856.0,265.14285714285717,2279.0,227.9,5,8,0.0,0.14971428571428572,SG 553 | Ultraviolet (Minimal Wear),SG 553 | Ultraviolet (Minimal Wear),0,0
2013-08-25,SG 553 | Ultraviolet (Minimal Wear),0.132,0.132,373.0,0.129,0.515,,0.023255813953488413,-0.7436893203883495,0.2601428571428571,0.11628711827864262,0.4956363636363635,0.4175940335535269,0.14229058882067855,2009.0,287.0,2652.0,241.0909090909091,6,8,0.0,0.18285714285714286,SG 553 | Ultraviolet (Minimal Wear),SG 553 | Ultraviolet (Minimal Wear),0,0
2013-08-26,SG 553 | Ultraviolet (Minimal Wear),0.122,0.122,311.0,0.132,0.436,,-0.0757575757575758,-0.7201834862385321,0.21528571428571425,0.09908973463585459,0.46449999999999986,0.41293694030283445,0.14094893065167446,2083.0,297.57142857142856,2963.0,246.91666666666666,0,8,0.0,0.2152857142857143,SG 553 | Ultraviolet (Minimal Wear),SG 553 | Ultraviolet (Minimal Wear),0,0
2013-08-27,SG 553 | Ultraviolet (Minimal Wear),0.136,0.136,295.0,0.122,0.363,,0.11475409836065587,-0.6253443526170799,0.18285714285714288,0.08092046990088224,0.4392307692307691,0.4062790162600752,0.1600527658029387,2128.0,304.0,3258.0,250.6153846153846,1,8,0.0,0.2601428571428571,SG 553 | Ultraviolet (Minimal Wear),SG 553 | Ultraviolet (Minimal Wear),0,0
2013-08-28,SG 553 | Ultraviolet (Minimal Wear),0.121,0.121,264.0,0.136,0.353,,-0.11029411764705888,-0.6572237960339944,0.14971428571428572,0.04313670722486919,0.4164999999999998,0.3999867408516723,0.15461290831921792,2178.0,311.14285714285717,3522.0,251.57142857142858,2,8,0.0,0.3148571428571429,SG 553 | Ultraviolet (Minimal Wear),SG 553 | Ultraviolet (Minimal Wear),0,0
2013-08-29,SG 553 | Ultraviolet (Minimal Wear),0.104,0.104,259.0,0.121,0.252,,-0.14049586776859502,-0.5873015873015873,0.1285714285714286,0.01475376119461594,0.3956666666666665,0.39420784140123627,0.14913368353443368,2183.0,311.85714285714283,3781.0,252.06666666666666,3,8,0.0,0.38585714285714284,SG 553 | Ultraviolet (Minimal Wear),SG 553 | Ultraviolet (Minimal Wear),0,0
2013-08-30,SG 553 | Ultraviolet (Minimal Wear),0.081,0.081,339.0,0.104,0.156,,-0.22115384615384615,-0.4807692307692307,0.11785714285714285,0.017851999259215212,0.3759999999999999,0.3892158784016911,0.1447756135253527,2206.0,315.14285714285717,4120.0,257.5,4,8,0.0,0.48657142857142854,SG 553 | Ultraviolet (Minimal Wear),SG 553 | Ultraviolet (Minimal Wear),0,0
2013-08-31,SG 553 | Ultraviolet (Minimal Wear),0.076,0.076,377.0,0.081,0.129,,-0.06172839506172845,-0.41085271317829464,0.11028571428571428,0.022224274281670908,0.3583529411764705,0.384136149450789,0.14251896871868505,2218.0,316.85714285714283,4497.0,264.52941176470586,5,8,0.0,0.6832857142857142,SG 553 | Ultraviolet (Minimal Wear),SG 553 | Ultraviolet (Minimal Wear),0,0
2013-08-16,StatTrak™ AK-47 | Red Laminate (Well-Worn),28.763,28.763,2.0,,,,,,,,,,,,,,,4,8,0.0,49.407000000000004,StatTrak™ AK-47 | Red Laminate (Well-Worn),StatTrak™ AK-47 | Red Laminate (Well-Worn),1,0
2013-08-17,StatTrak™ AK-47 | Red Laminate (Well-Worn),25.812,25.812,1.0,28.763,,,-0.10259708653478428,,,,,,,,,,,5,8,0.0,48.397714285714294,StatTrak™ AK-47 | Red Laminate (Well-Worn),StatTrak™ AK-47 | Red Laminate (Well-Worn),1,0
2013-08-18,StatTrak™ AK-47 | Red Laminate (Well-Worn),46.072,46.072,1.0,25.812,,,0.7849062451572912,,33.549,8.936675257984184,,,,4.0,1.3333333333333333,,,6,8,0.0,46.925,StatTrak™ AK-47 | Red Laminate (Well-Worn),StatTrak™ AK-47 | Red Laminate (Well-Worn),1,0
2013-08-19,StatTrak™ AK-47 | Red Laminate (Well-Worn),,46.072,0.0,46.072,,,0.0,,36.67975,9.450021703017406,,,,4.0,1.0,,,0,8,1.0,45.90457142857143,StatTrak™ AK-47 | Red Laminate (Well-Worn),StatTrak™ AK-47 | Red Laminate (Well-Worn),1,0
2013-08-20,StatTrak™ AK-47 | Red Laminate (Well-Worn),,46.072,0.0,46.072,,,0.0,,38.5582,9.249682468063432,,,,4.0,0.8,,,1,8,2.0,44.434000000000005,StatTrak™ AK-47 | Red Laminate (Well-Worn),StatTrak™ AK-47 | Red Laminate (Well-Worn),1,0
2013-08-21,StatTrak™ AK-47 | Red Laminate (Well-Worn),46.425,46.425,1.0,46.072,,,0.0076619204723040735,,39.86933333333334,8.938262763100122,,,,5.0,0.8333333333333334,,,2,8,0.0,43.12542857142857,StatTrak™ AK-47 | Red Laminate (Well-Worn),StatTrak™ AK-47 | Red Laminate (Well-Worn),1,0
2013-08-22,StatTrak™ AK-47 | Red Laminate (Well-Worn),45.662,45.662,4.0,46.425,,,-0.016435110393107077,,40.69685714285714,8.519864727775426,,,,9.0,1.2857142857142858,,,3,8,0.0,40.60628571428572,StatTrak™ AK-47 | Red Laminate (Well-Worn),StatTrak™ AK-47 | Red Laminate (Well-Worn),1,0
2013-08-23,StatTrak™ AK-47 | Red Laminate (Well-Worn),45.079,45.079,2.0,45.662,28.763,,-0.012767728089001729,0.5672565448666689,43.02771428571429,7.039405711813334,,,,9.0,1.2857142857142858,,,4,8,0.0,40.40514285714285,StatTrak™ AK-47 | Red Laminate (Well-Worn),StatTrak™ AK-47 | Red Laminate (Well-Worn),1,0
2013-08-24,StatTrak™ AK-47 | Red Laminate (Well-Worn),,45.079,0.0,45.079,25.812,,0.0,0.7464357663102432,45.780142857142856,0.48822460538785056,,,,8.0,1.1428571428571428,,,5,8,1.0,40.99171428571429,StatTrak™ AK-47 | Red Laminate (Well-Worn),StatTrak™ AK-47 | Red Laminate (Well-Worn),1,0
2013-08-25,StatTrak™ AK-47 | Red Laminate (Well-Worn),41.046,41.046,1.0,45.079,46.072,,-0.08946516116151648,-0.10909011981246752,45.06214285714286,1.7065756379848114,41.6082,7.337161982674226,,8.0,1.1428571428571428,12.0,1.2,6,8,0.0,42.143142857142855,StatTrak™ AK-47 | Red Laminate (Well-Worn),StatTrak™ AK-47 | Red Laminate (Well-Worn),1,0
2013-08-26,StatTrak™ AK-47 | Red Laminate (Well-Worn),39.251,39.251,2.0,41.046,46.072,,-0.043731423281196724,-0.14805087688834873,44.087714285714284,2.5770912570063906,41.39390909090909,7.028453372536334,0.24681553350960644,10.0,1.4285714285714286,14.0,1.2727272727272727,0,8,0.0,42.95128571428571,StatTrak™ AK-47 | Red Laminate (Well-Worn),StatTrak™ AK-47 | Red Laminate (Well-Worn),1,0
2013-08-27,StatTrak™ AK-47 | Red Laminate (Well-Worn),38.117,38.117,3.0,39.251,46.072,,-0.02889098366920584,-0.1726645250911618,42.95128571428571,3.1432818479274505,41.12083333333333,6.789906808802476,0.2364970608871257,13.0,1.8571428571428572,17.0,1.4166666666666667,1,8,0.0,44.08771428571429,StatTrak™ AK-47 | Red Laminate (Well-Worn),StatTrak™ AK-47 | Red Laminate (Well-Worn),1,0
2013-08-28,StatTrak™ AK-47 | Red Laminate (Well-Worn),40.768,40.768,1.0,38.117,46.425,,0.06954902012225528,-0.12185245018847601,42.14314285714285,2.860817237312815,41.09369230769231,6.524208933887522,0.22652758004052154,13.0,1.8571428571428572,18.0,1.3846153846153846,2,8,0.0,45.06214285714286,StatTrak™ AK-47 | Red Laminate (Well-Worn),StatTrak™ AK-47 | Red Laminate (Well-Worn),1,0
2013-08-29,StatTrak™ AK-47 | Red Laminate (Well-Worn),37.602,37.602,3.0,40.768,45.662,,-0.07765894819466257,-0.17651438833165434,40.99171428571429,2.8347092425495646,40.84428571428571,6.350871666028794,0.22017521820510888,12.0,1.7142857142857142,21.0,1.5,3,8,0.0,45.780142857142856,StatTrak™ AK-47 | Red Laminate (Well-Worn),StatTrak™ AK-47 | Red Laminate (Well-Worn),1,0
2013-08-30,StatTrak™ AK-47 | Red Laminate (Well-Worn),40.973,40.973,1.0,37.602,45.079,,0.0896494867294293,-0.0910845404733912,40.405142857142856,2.3032591460531653,40.85286666666666,6.135608938719033,0.21258697989312447,11.0,1.5714285714285714,22.0,1.4666666666666666,4,8,0.0,43.02771428571429,StatTrak™ AK-47 | Red Laminate (Well-Worn),StatTrak™ AK-47 | Red Laminate (Well-Worn),1,0
2013-08-31,StatTrak™ AK-47 | Red Laminate (Well-Worn),46.487,46.487,4.0,40.973,45.079,,0.13457642837966466,0.031234055768761593,40.60628571428572,2.725431956028032,41.20499999999999,6.095310430978884,0.20668824989582227,15.0,2.142857142857143,26.0,1.625,5,8,0.0,40.69685714285714,StatTrak™ AK-47 | Red Laminate (Well-Worn),StatTrak™ AK-47 | Red Laminate (Well-Worn),1,0
2013-08-15,StatTrak™ AWP | BOOM (Minimal Wear),29.179,29.179,2.0,,,,,,,,,,,,,,,3,8,0.0,56.55,StatTrak™ AWP | BOOM (Minimal Wear),StatTrak™ AWP | BOOM (Minimal Wear),1,0
2013-08-16,StatTrak™ AWP | BOOM (Minimal Wear),56.284,56.284,8.0,29.179,,,0.9289214846293568,,,,,,,,,,,4,8,0.0,57.12457142857142,StatTrak™ AWP | BOOM (Minimal Wear),StatTrak™ AWP | BOOM (Minimal Wear),1,0
2013-08-17,StatTrak™ AWP | BOOM (Minimal Wear),55.049,55.049,16.0,56.284,,,-0.021942292658659657,,46.83733333333333,12.496502399560535,,,,26.0,8.666666666666666,,,5,8,0.0,57.83628571428572,StatTrak™ AWP | BOOM (Minimal Wear),StatTrak™ AWP | BOOM (Minimal Wear),1,0
2013-08-18,StatTrak™ AWP | BOOM (Minimal Wear),59.243,59.243,9.0,55.049,,,0.07618667005758506,,49.93875,12.082147374846079,,,,35.0,8.75,,,6,8,0.0,57.95128571428571,StatTrak™ AWP | BOOM (Minimal Wear),StatTrak™ AWP | BOOM (Minimal Wear),1,0
2013-08-19,StatTrak™ AWP | BOOM (Minimal Wear),63.615,63.615,11.0,59.243,,,0.07379774825717811,,52.674,12.112349004218796,,,,46.0,9.2,,,0,8,0.0,57.90042857142857,StatTrak™ AWP | BOOM (Minimal Wear),StatTrak™ AWP | BOOM (Minimal Wear),1,0
2013-08-20,StatTrak™ AWP | BOOM (Minimal Wear),61.894,61.894,13.0,63.615,,,-0.02705336791637203,,54.21066666666667,11.578610490421072,,,,59.0,9.833333333333334,,,1,8,0.0,56.964999999999996,StatTrak™ AWP | BOOM (Minimal Wear),StatTrak™ AWP | BOOM (Minimal Wear),1,0
2013-08-21,StatTrak™ AWP | BOOM (Minimal Wear),69.154,69.154,7.0,61.894,,,0.11729731476395133,,56.34542857142857,11.927088482671259,,,,66.0,9.428571428571429,,,2,8,0.0,56.19085714285715,StatTrak™ AWP | BOOM (Minimal Wear),StatTrak™ AWP | BOOM (Minimal Wear),1,0
2013-08-22,StatTrak™ AWP | BOOM (Minimal Wear),57.842,57.842,16.0,69.154,29.179,,-0.16357694421147007,0.9823160492134755,60.44014285714285,4.514202458545107,,,,80.0,11.428571428571429,,,3,8,0.0,55.172285714285714,StatTrak™ AWP | BOOM (Minimal Wear),StatTrak™ AWP | BOOM (Minimal Wear),1,0
2013-08-23,StatTrak™ AWP | BOOM (Minimal Wear),53.613,53.613,13.0,57.842,56.284,,-0.07311296289893154,-0.047455760073910835,60.05857142857143,4.941997076288168,,,,85.0,12.142857142857142,,,4,8,0.0,54.287142857142854,StatTrak™ AWP | BOOM (Minimal Wear),StatTrak™ AWP | BOOM (Minimal Wear),1,0
2013-08-24,StatTrak™ AWP | BOOM (Minimal Wear),54.995,54.995,16.0,53.613,55.049,,0.02577733012515626,-0.0009809442496685472,60.05085714285714,4.949846734382545,56.0868,10.033188623762637,,85.0,12.142857142857142,111.0,11.1,5,8,0.0,54.101285714285716,StatTrak™ AWP | BOOM (Minimal Wear),StatTrak™ AWP | BOOM (Minimal Wear),1,0
2013-08-25,StatTrak™ AWP | BOOM (Minimal Wear),55.211,55.211,15.0,54.995,59.243,,0.003927629784525877,-0.06805867359856865,59.47485714285715,5.2366296529780465,56.00718181818181,9.569582662299256,0.2887037605131956,91.0,13.0,126.0,11.454545454545455,6,8,0.0,56.06285714285714,StatTrak™ AWP | BOOM (Minimal Wear),StatTrak™ AWP | BOOM (Minimal Wear),1,0
2013-08-26,StatTrak™ AWP | BOOM (Minimal Wear),49.816,49.816,10.0,55.211,63.615,,-0.09771603484812807,-0.21691424978385598,57.503571428571426,5.866454243216689,55.49125,9.320597889665304,0.28073281447238774,90.0,12.857142857142858,136.0,11.333333333333334,0,8,0.0,57.503571428571426,StatTrak™ AWP | BOOM (Minimal Wear),StatTrak™ AWP | BOOM (Minimal Wear),1,0
2013-08-27,StatTrak™ AWP | BOOM (Minimal Wear),51.809,51.809,18.0,49.816,61.894,,0.04000722659386535,-0.16293986493036483,56.06285714285713,5.849660244799849,55.208,9.008536583963867,0.26897133053040434,95.0,13.571428571428571,154.0,11.846153846153847,1,8,0.0,59.47485714285715,StatTrak™ AWP | BOOM (Minimal Wear),StatTrak™ AWP | BOOM (Minimal Wear),1,0
2013-08-28,StatTrak™ AWP | BOOM (Minimal Wear),55.423,55.423,9.0,51.809,69.154,,0.06975621996178272,-0.19855684414495178,54.10128571428571,2.43858077661611,55.22335714285714,8.681019653795966,0.2584212653692919,97.0,13.857142857142858,163.0,11.642857142857142,2,8,0.0,60.05085714285714,StatTrak™ AWP | BOOM (Minimal Wear),StatTrak™ AWP | BOOM (Minimal Wear),1,0
2013-08-29,StatTrak™ AWP | BOOM (Minimal Wear),59.143,59.143,10.0,55.423,57.842,,0.06712014867473792,0.022492306628401515,54.287142857142854,2.746709014104564,55.48466666666666,8.443462130877094,0.24902596878553657,91.0,13.0,173.0,11.533333333333333,3,8,0.0,60.058571428571426,StatTrak™ AWP | BOOM (Minimal Wear),StatTrak™ AWP | BOOM (Minimal Wear),1,0
2013-08-30,StatTrak™ AWP | BOOM (Minimal Wear),59.809,59.809,20.0,59.143,53.613,,0.011260842365115042,0.11556898513420255,55.172285714285714,3.3244326138578337,55.7549375,8.242086769052712,0.241071389302465,98.0,14.0,193.0,12.0625,4,8,0.0,60.44014285714285,StatTrak™ AWP | BOOM (Minimal Wear),StatTrak™ AWP | BOOM (Minimal Wear),1,0
2013-08-31,StatTrak™ AWP | BOOM (Minimal Wear),62.125,62.125,19.0,59.809,54.995,,0.03872326907321644,0.12964814983180295,56.19085714285715,4.1128606113219135,56.12964705882353,8.135263406857945,0.23352920436731228,101.0,14.428571428571429,212.0,12.470588235294118,5,8,0.0,56.34542857142856,StatTrak™ AWP | BOOM (Minimal Wear),StatTrak™ AWP | BOOM (Minimal Wear),1,0
2013-08-15,USP-S | Dark Water (Minimal Wear),5.533,5.533,37.0,,,,,,,,,,,,,,,3,8,0.0,1.5727142857142857,USP-S | Dark Water (Minimal Wear),USP-S | Dark Water (Minimal Wear),0,0
2013-08-16,USP-S | Dark Water (Minimal Wear),3.359,3.359,72.0,5.533,,,-0.3929152358575818,,,,,,,,,,,4,8,0.0,1.6207142857142858,USP-S | Dark Water (Minimal Wear),USP-S | Dark Water (Minimal Wear),0,0
2013-08-17,USP-S | Dark Water (Minimal Wear),2.804,2.804,107.0,3.359,,,-0.16522774635308135,,3.8986666666666667,1.1776502970840803,,,,216.0,72.0,,,5,8,0.0,1.6607142857142858,USP-S | Dark Water (Minimal Wear),USP-S | Dark Water (Minimal Wear),0,0
2013-08-18,USP-S | Dark Water (Minimal Wear),2.577,2.577,117.0,2.804,,,-0.08095577746077032,,3.56825,1.1694745347804716,,,,333.0,83.25,,,6,8,0.0,1.6931428571428573,USP-S | Dark Water (Minimal Wear),USP-S | Dark Water (Minimal Wear),0,0
2013-08-19,USP-S | Dark Water (Minimal Wear),2.514,2.514,120.0,2.577,,,-0.024447031431897637,,3.3573999999999997,1.1278153394949018,,,,453.0,90.6,,,0,8,0.0,1.698285714285714,USP-S | Dark Water (Minimal Wear),USP-S | Dark Water (Minimal Wear),0,0
2013-08-20,USP-S | Dark Water (Minimal Wear),2.507,2.507,124.0,2.514,,,-0.0027844073190134155,,3.215666666666667,1.077225396820719,,,,577.0,96.16666666666667,,,1,8,0.0,1.717857142857143,USP-S | Dark Water (Minimal Wear),USP-S | Dark Water (Minimal Wear),0,0
2013-08-21,USP-S | Dark Water (Minimal Wear),2.465,2.465,114.0,2.507,,,-0.016753091344236193,,3.1084285714285715,1.0313297736615659,,,,691.0,98.71428571428571,,,2,8,0.0,1.7468571428571429,USP-S | Dark Water (Minimal Wear),USP-S | Dark Water (Minimal Wear),0,0
2013-08-22,USP-S | Dark Water (Minimal Wear),2.146,2.146,174.0,2.465,5.533,,-0.12941176470588234,-0.6121453099584313,2.6245714285714286,0.3493638533689717,,,,828.0,118.28571428571429,,,3,8,0.0,1.7444285714285714,USP-S | Dark Water (Minimal Wear),USP-S | Dark Water (Minimal Wear),0,0
2013-08-23,USP-S | Dark Water (Minimal Wear),1.814,1.814,219.0,2.146,3.359,,-0.15470643056849942,-0.4599583209288478,2.4038571428571425,0.30024343864434333,,,,975.0,139.28571428571428,,,4,8,0.0,1.7562857142857144,USP-S | Dark Water (Minimal Wear),USP-S | Dark Water (Minimal Wear),0,0
2013-08-24,USP-S | Dark Water (Minimal Wear),1.73,1.73,256.0,1.814,2.804,,-0.04630650496141131,-0.3830242510699001,2.2504285714285714,0.32954724662042323,2.7449000000000003,1.030817001217966,,1124.0,160.57142857142858,1340.0,134.0,5,8,0.0,1.811,USP-S | Dark Water (Minimal Wear),USP-S | Dark Water (Minimal Wear),0,0
2013-08-25,USP-S | Dark Water (Minimal Wear),1.788,1.788,230.0,1.73,2.577,,0.03352601156069368,-0.3061699650756694,2.137714285714286,0.33348151128263004,2.657909090909091,1.0206171443650656,0.11706229432535158,1237.0,176.71428571428572,1570.0,142.72727272727272,6,8,0.0,1.9074285714285715,USP-S | Dark Water (Minimal Wear),USP-S | Dark Water (Minimal Wear),0,0
2013-08-26,USP-S | Dark Water (Minimal Wear),1.749,1.749,176.0,1.788,2.514,,-0.021812080536912748,-0.30429594272076366,2.0284285714285715,0.31721414900116074,2.5821666666666667,1.0089402718804628,0.11374311812811354,1293.0,184.71428571428572,1746.0,145.5,0,8,0.0,2.0284285714285715,USP-S | Dark Water (Minimal Wear),USP-S | Dark Water (Minimal Wear),0,0
2013-08-27,USP-S | Dark Water (Minimal Wear),1.66,1.66,195.0,1.749,2.507,,-0.05088622069754156,-0.3378540087754288,1.9074285714285715,0.2695487536833455,2.511230769230769,1.0000193193400089,0.10946567271936655,1364.0,194.85714285714286,1941.0,149.30769230769232,1,8,0.0,2.1377142857142855,USP-S | Dark Water (Minimal Wear),USP-S | Dark Water (Minimal Wear),0,0
2013-08-28,USP-S | Dark Water (Minimal Wear),1.79,1.79,186.0,1.66,2.465,,0.07831325301204828,-0.27383367139959425,1.811,0.14462266172946162,2.4597142857142855,0.9813809824186841,0.11409858437283658,1436.0,205.14285714285714,2127.0,151.92857142857142,2,8,0.0,2.250428571428571,USP-S | Dark Water (Minimal Wear),USP-S | Dark Water (Minimal Wear),0,0
2013-08-29,USP-S | Dark Water (Minimal Wear),1.763,1.763,228.0,1.79,2.146,,-0.015083798882681632,-0.17847157502329913,1.756285714285714,0.04710691270386757,2.4132666666666664,0.9639007878868494,0.1110239487657007,1490.0,212.85714285714286,2355.0,157.0,3,8,0.0,2.4038571428571425,USP-S | Dark Water (Minimal Wear),USP-S | Dark Water (Minimal Wear),0,0
2013-08-30,USP-S | Dark Water (Minimal Wear),1.731,1.731,240.0,1.763,1.814,,-0.018150879183210344,-0.0457552370452039,1.7444285714285712,0.041157735405066585,2.370625,0.9477923608971535,0.10805656264443551,1511.0,215.85714285714286,2595.0,162.1875,4,8,0.0,2.6245714285714286,USP-S | Dark Water (Minimal Wear),USP-S | Dark Water (Minimal Wear),0,0
2013-08-31,USP-S | Dark Water (Minimal Wear),1.747,1.747,259.0,1.731,1.73,,0.009243212016175617,0.009826589595375745,1.7468571428571429,0.040734080401089834,2.333941176470588,0.9311282511390169,0.10624789633788866,1514.0,216.28571428571428,2854.0,167.88235294117646,5,8,0.0,3.1084285714285715,USP-S | Dark Water (Minimal Wear),USP-S | Dark Water (Minimal Wear),0,0
2013-08-29,★ Bayonet | Blue Steel (Battle-Scarred),42.418,42.418,1.0,,,,,,,,,,,,,,,3,8,0.0,,★ Bayonet | Blue Steel (Battle-Scarred),★ Bayonet | Blue Steel (Battle-Scarred),0,0
2013-08-25,★ Gut Knife | Night (Well-Worn),42.668,42.668,1.0,,,,,,,,,,,,,,,6,8,0.0,36.359,★ Gut Knife | Night (Well-Worn),★ Gut Knife | Night (Well-Worn),0,0
2013-08-26,★ Gut Knife | Night (Well-Worn),,42.668,0.0,42.668,,,0.0,,,,,,,,,,,0,8,1.0,37.260285714285715,★ Gut Knife | Night (Well-Worn),★ Gut Knife | Night (Well-Worn),0,0
2013-08-27,★ Gut Knife | Night (Well-Worn),36.359,36.359,3.0,42.668,,,-0.1478625667947876,,40.565,2.974091121670618,,,,4.0,1.3333333333333333,,,1,8,0.0,38.161571428571435,★ Gut Knife | Night (Well-Worn),★ Gut Knife | Night (Well-Worn),0,0
2013-08-28,★ Gut Knife | Night (Well-Worn),,36.359,0.0,36.359,,,0.0,,39.5135,3.1544999999999987,,,,4.0,1.0,,,2,8,1.0,38.462,★ Gut Knife | Night (Well-Worn),★ Gut Knife | Night (Well-Worn),0,0
2013-08-29,★ Gut Knife | Night (Well-Worn),,36.359,0.0,36.359,,,0.0,,38.882600000000004,3.090766157443813,,,,4.0,0.8,,,3,8,2.0,38.882600000000004,★ Gut Knife | Night (Well-Worn),★ Gut Knife | Night (Well-Worn),0,0
2013-08-30,★ Gut Knife | Night (Well-Worn),,36.359,0.0,36.359,,,0.0,,38.462,2.974091121670618,,,,4.0,0.6666666666666666,,,4,8,3.0,39.5135,★ Gut Knife | Night (Well-Worn),★ Gut Knife | Night (Well-Worn),0,0
2013-08-31,★ Gut Knife | Night (Well-Worn),,36.359,0.0,36.359,,,0.0,,38.161571428571435,2.850115679714614,,,,4.0,0.5714285714285714,,,5,8,4.0,40.565,★ Gut Knife | Night (Well-Worn),★ Gut Knife | Night (Well-Worn),0,0
2013-08-23,★ Karambit | Crimson Web (Field-Tested),99.377,99.377,1.0,,,,,,,,,,,,,,,4,8,0.0,123.13228571428571,★ Karambit | Crimson Web (Field-Tested),★ Karambit | Crimson Web (Field-Tested),0,0
2013-08-24,★ Karambit | Crimson Web (Field-Tested),85.447,85.447,1.0,99.377,,,-0.14017327953148107,,,,,,,,,,,5,8,0.0,137.78985714285713,★ Karambit | Crimson Web (Field-Tested),★ Karambit | Crimson Web (Field-Tested),0,0
2013-08-25,★ Karambit | Crimson Web (Field-Tested),115.406,115.406,1.0,85.447,,,0.35061500111180033,,100.07666666666667,12.240712678961504,,,,3.0,1.0,,,6,8,0.0,152.44742857142856,★ Karambit | Crimson Web (Field-Tested),★ Karambit | Crimson Web (Field-Tested),0,0
2013-08-26,★ Karambit | Crimson Web (Field-Tested),232.022,232.022,1.0,115.406,,,1.0104847234979117,,133.063,58.10912876218331,,,,4.0,1.0,,,0,8,0.0,167.105,★ Karambit | Crimson Web (Field-Tested),★ Karambit | Crimson Web (Field-Tested),0,0
2013-08-27,★ Karambit | Crimson Web (Field-Tested),,232.022,0.0,232.022,,,0.0,,152.85479999999998,65.33144775190581,,,,4.0,0.8,,,1,8,1.0,183.83314285714283,★ Karambit | Crimson Web (Field-Tested),★ Karambit | Crimson Web (Field-Tested),0,0
2013-08-28,★ Karambit | Crimson Web (Field-Tested),,232.022,0.0,232.022,,,0.0,,166.0493333333333,66.53803626915628,,,,4.0,0.6666666666666666,,,2,8,2.0,199.4818571428571,★ Karambit | Crimson Web (Field-Tested),★ Karambit | Crimson Web (Field-Tested),0,0
2013-08-29,★ Karambit | Crimson Web (Field-Tested),,232.022,0.0,232.022,,,0.0,,175.47399999999996,65.78589077779954,,,,4.0,0.5714285714285714,,,3,8,3.0,198.47114285714284,★ Karambit | Crimson Web (Field-Tested),★ Karambit | Crimson Web (Field-Tested),0,0
2013-08-30,★ Karambit | Crimson Web (Field-Tested),,232.022,0.0,232.022,99.377,,0.0,1.3347655896233537,194.42328571428567,59.985568347048,,,,3.0,0.42857142857142855,,,4,8,4.0,194.42328571428567,★ Karambit | Crimson Web (Field-Tested),★ Karambit | Crimson Web (Field-Tested),0,0
2013-08-31,★ Karambit | Crimson Web (Field-Tested),113.782,113.782,1.0,232.022,85.447,,-0.5096068476265181,0.3316090676091612,198.47114285714284,53.05033856207724,,,,3.0,0.42857142857142855,,,5,8,0.0,175.47399999999996,★ Karambit | Crimson Web (Field-Tested),★ Karambit | Crimson Web (Field-Tested),0,0
2013-08-24,★ M9 Bayonet | Case Hardened (Well-Worn),22.417,22.417,1.0,,,,,,,,,,,,,,,5,8,0.0,55.529428571428575,★ M9 Bayonet | Case Hardened (Well-Worn),★ M9 Bayonet | Case Hardened (Well-Worn),0,0
2013-08-25,★ M9 Bayonet | Case Hardened (Well-Worn),44.499,44.499,1.0,22.417,,,0.9850559842976312,,,,,,,,,,,6,8,0.0,53.68642857142858,★ M9 Bayonet | Case Hardened (Well-Worn),★ M9 Bayonet | Case Hardened (Well-Worn),0,0
2013-08-26,★ M9 Bayonet | Case Hardened (Well-Worn),,44.499,0.0,44.499,,,0.0,,37.13833333333333,10.409554628107562,,,,2.0,0.6666666666666666,,,0,8,1.0,51.84342857142858,★ M9 Bayonet | Case Hardened (Well-Worn),★ M9 Bayonet | Case Hardened (Well-Worn),0,0
2013-08-27,★ M9 Bayonet | Case Hardened (Well-Worn),,44.499,0.0,44.499,,,0.0,,38.9785,9.561786483183987,,,,2.0,0.5,,,1,8,2.0,46.84585714285715,★ M9 Bayonet | Case Hardened (Well-Worn),★ M9 Bayonet | Case Hardened (Well-Worn),0,0
2013-08-28,★ M9 Bayonet | Case Hardened (Well-Worn),57.207,57.207,1.0,44.499,,,0.28557945122362294,,42.624199999999995,11.238626364462874,,,,3.0,0.6,,,2,8,0.0,45.086833333333324,★ M9 Bayonet | Case Hardened (Well-Worn),★ M9 Bayonet | Case Hardened (Well-Worn),0,0
2013-08-29,★ M9 Bayonet | Case Hardened (Well-Worn),57.4,57.4,1.0,57.207,,,0.0033737130071493926,,45.086833333333324,11.643814529850411,,,,4.0,0.6666666666666666,,,3,8,0.0,42.6242,★ M9 Bayonet | Case Hardened (Well-Worn),★ M9 Bayonet | Case Hardened (Well-Worn),0,0
2013-08-30,★ M9 Bayonet | Case Hardened (Well-Worn),,57.4,0.0,57.4,,,0.0,,46.845857142857135,11.609266131950331,,,,4.0,0.5714285714285714,,,4,8,1.0,38.978500000000004,★ M9 Bayonet | Case Hardened (Well-Worn),★ M9 Bayonet | Case Hardened (Well-Worn),0,0
2013-08-31,★ M9 Bayonet | Case Hardened (Well-Worn),,57.4,0.0,57.4,22.417,,0.0,1.5605567203461654,51.84342857142857,6.36077544367807,,,,3.0,0.42857142857142855,,,5,8,2.0,37.138333333333335,★ M9 Bayonet | Case Hardened (Well-Worn),★ M9 Bayonet | Case Hardened (Well-Worn),0,0
2013-08-23,★ StatTrak™ Bayonet | Blue Steel (Battle-Scarred),59.332,59.332,1.0,,,,,,,,,,,,,,,4,8,0.0,,★ StatTrak™ Bayonet | Blue Steel (Battle-Scarred),★ StatTrak™ Bayonet | Blue Steel (Battle-Scarred),0,0
2013-08-21,★ StatTrak™ Bayonet | Slaughter (Field-Tested),49.013,49.013,1.0,,,,,,,,,,,,,,,2,8,0.0,49.01299999999999,★ StatTrak™ Bayonet | Slaughter (Field-Tested),★ StatTrak™ Bayonet | Slaughter (Field-Tested),0,0
2013-08-22,★ StatTrak™ Bayonet | Slaughter (Field-Tested),,49.013,0.0,49.013,,,0.0,,,,,,,,,,,3,8,1.0,49.01299999999999,★ StatTrak™ Bayonet | Slaughter (Field-Tested),★ StatTrak™ Bayonet | Slaughter (Field-Tested),0,0
2013-08-23,★ StatTrak™ Bayonet | Slaughter (Field-Tested),,49.013,0.0,49.013,,,0.0,,49.013,0.0,,,,1.0,0.3333333333333333,,,4,8,2.0,49.01299999999999,★ StatTrak™ Bayonet | Slaughter (Field-Tested),★ StatTrak™ Bayonet | Slaughter (Field-Tested),0,0
2013-08-24,★ StatTrak™ Bayonet | Slaughter (Field-Tested),,49.013,0.0,49.013,,,0.0,,49.013,0.0,,,,1.0,0.25,,,5,8,3.0,49.01299999999999,★ StatTrak™ Bayonet | Slaughter (Field-Tested),★ StatTrak™ Bayonet | Slaughter (Field-Tested),0,0
2013-08-25,★ StatTrak™ Bayonet | Slaughter (Field-Tested),,49.013,0.0,49.013,,,0.0,,49.013,0.0,,,,1.0,0.2,,,6,8,4.0,49.013,★ StatTrak™ Bayonet | Slaughter (Field-Tested),★ StatTrak™ Bayonet | Slaughter (Field-Tested),0,0
2013-08-26,★ StatTrak™ Bayonet | Slaughter (Field-Tested),,49.013,0.0,49.013,,,0.0,,49.013,0.0,,,,1.0,0.16666666666666666,,,0,8,5.0,49.013,★ StatTrak™ Bayonet | Slaughter (Field-Tested),★ StatTrak™ Bayonet | Slaughter (Field-Tested),0,0
2013-08-27,★ StatTrak™ Bayonet | Slaughter (Field-Tested),,49.013,0.0,49.013,,,0.0,,49.01299999999999,7.105427357601002e-15,,,,1.0,0.14285714285714285,,,1,8,6.0,49.013,★ StatTrak™ Bayonet | Slaughter (Field-Tested),★ StatTrak™ Bayonet | Slaughter (Field-Tested),0,0
2013-08-28,★ StatTrak™ Bayonet | Slaughter (Field-Tested),,49.013,0.0,49.013,49.013,,0.0,0.0,49.01299999999999,7.105427357601002e-15,,,,0.0,0.0,,,2,8,7.0,49.013,★ StatTrak™ Bayonet | Slaughter (Field-Tested),★ StatTrak™ Bayonet | Slaughter (Field-Tested),0,0
2013-08-29,★ StatTrak™ Bayonet | Slaughter (Field-Tested),,49.013,0.0,49.013,49.013,,0.0,0.0,49.01299999999999,7.105427357601002e-15,,,,0.0,0.0,,,3,8,8.0,49.013,★ StatTrak™ Bayonet | Slaughter (Field-Tested),★ StatTrak™ Bayonet | Slaughter (Field-Tested),0,0
2013-08-30,★ StatTrak™ Bayonet | Slaughter (Field-Tested),,49.013,0.0,49.013,49.013,,0.0,0.0,49.01299999999999,7.105427357601002e-15,49.01299999999999,7.105427357601002e-15,,0.0,0.0,1.0,0.1,4,8,9.0,49.013,★ StatTrak™ Bayonet | Slaughter (Field-Tested),★ StatTrak™ Bayonet | Slaughter (Field-Tested),0,0
2013-08-31,★ StatTrak™ Bayonet | Slaughter (Field-Tested),171.968,171.968,1.0,49.013,49.013,,2.5086201619978374,2.5086201619978374,66.57799999999999,43.02528733198652,60.19072727272726,35.347077246000275,0.7525860485993512,1.0,0.14285714285714285,2.0,0.18181818181818182,5,8,0.0,,★ StatTrak™ Bayonet | Slaughter (Field-Tested),★ StatTrak™ Bayonet | Slaughter (Field-Tested),0,0
2013-08-31,★ StatTrak™ Gut Knife | Night (Field-Tested),98.035,98.035,1.0,,,,,,,,,,,,,,,5,8,0.0,,★ StatTrak™ Gut Knife | Night (Field-Tested),★ StatTrak™ Gut Knife | Night (Field-Tested),0,0
